{"count":1,"self":674.1090816,"total":674.8254524,"children":{"InitializeActuators":{"count":1,"self":0.0009933,"total":0.0009933,"children":null},"InitializeSensors":{"count":1,"self":0.0009942,"total":0.0009942,"children":null},"AgentSendState":{"count":1605,"self":0.0773614,"total":0.0948234,"children":{"CollectObservations":{"count":1605,"self":0.0074946,"total":0.0074946,"children":null},"WriteActionMask":{"count":1605,"self":0.0029925999999999998,"total":0.0029925999999999998,"children":null},"RequestDecision":{"count":1605,"self":0.0069748,"total":0.0069748,"children":null}}},"DecideAction":{"count":1605,"self":0.59138,"total":0.598506,"children":{"RayPerceptionSensor.Perceive":{"count":1605,"self":0.0071259999999999995,"total":0.0071259999999999995,"children":null}}},"AgentAct":{"count":1605,"self":0.020036599999999998,"total":0.020036599999999998,"children":null}},"gauges":{"CarAgent.CumulativeReward":{"count":14,"max":-2.39463679E-05,"min":-17.0688419,"runningAverage":-1.98651254,"value":-0.00020056752,"weightedAverage":-1.21447325}},"metadata":{"timer_format_version":"0.1.0","start_time_seconds":"1743031576","unity_version":"2022.3.34f1","command_line_arguments":"C:\/Program Files\/Unity\/2022.3.34f1\/Editor\/Unity.exe -projectpath C:\\Users\\s5722127\\My project (4) -useHub -hubIPC -cloudEnvironment production -licensingIpc LicenseClient-s5722127 -hubSessionId e5b708e7-ac81-4bde-bf25-66126a20a022 -accessToken 6AFgHyd8VHzaAAg18LuWagvedEetxC9C_hPstkR6NmI011f","communication_protocol_version":"1.5.0","com.unity.ml-agents_version":"2.0.1","scene_name":"City_v30","end_time_seconds":"1743032251"}}