{"count":1,"self":210.3155328,"total":212.9203389,"children":{"InitializeActuators":{"count":1,"self":0.0020027,"total":0.0020027,"children":null},"InitializeSensors":{"count":1,"self":0.0010002,"total":0.0010002,"children":null},"AgentSendState":{"count":9566,"self":0.420405,"total":0.5007984,"children":{"CollectObservations":{"count":9566,"self":0.029941299999999997,"total":0.029941299999999997,"children":null},"WriteActionMask":{"count":9566,"self":0.011983899999999999,"total":0.011983899999999999,"children":null},"RequestDecision":{"count":9566,"self":0.0384682,"total":0.0384682,"children":null}}},"DecideAction":{"count":9566,"self":1.9345633999999998,"total":2.0088489,"children":{"RayPerceptionSensor.Perceive":{"count":9566,"self":0.07428549999999999,"total":0.07428549999999999,"children":null}}},"AgentAct":{"count":9566,"self":0.092154199999999992,"total":0.092154199999999992,"children":null}},"gauges":{"CarAgent.CumulativeReward":{"count":26,"max":-2.39463679E-05,"min":-26.7794437,"runningAverage":-2.796828,"value":-26.7794437,"weightedAverage":-9.845924}},"metadata":{"timer_format_version":"0.1.0","start_time_seconds":"1743096353","unity_version":"2022.3.34f1","command_line_arguments":"C:\/Program Files\/Unity\/2022.3.34f1\/Editor\/Unity.exe -projectpath C:\\Users\\s5722127\\My project (4) -useHub -hubIPC -cloudEnvironment production -licensingIpc LicenseClient-s5722127 -hubSessionId 51c09857-f004-4c8c-8931-533d447a38ac -accessToken Mpf7VFcfmq7jRXmRGBA491WsyylyIwDJ3AXgaT7UZ_Q011f","communication_protocol_version":"1.5.0","com.unity.ml-agents_version":"2.0.1","scene_name":"City_v34","end_time_seconds":"1743096565"}}