{"count":1,"self":80.8104832,"total":81.9147612,"children":{"InitializeActuators":{"count":1,"self":0.0009949,"total":0.0009949,"children":null},"InitializeSensors":{"count":1,"self":0.0009999,"total":0.0009999,"children":null},"AgentSendState":{"count":3053,"self":0.20310999999999998,"total":0.2267111,"children":{"CollectObservations":{"count":3053,"self":0.0066006,"total":0.0066006,"children":null},"WriteActionMask":{"count":3053,"self":0.0030034999999999997,"total":0.0030034999999999997,"children":null},"RequestDecision":{"count":3053,"self":0.013996999999999999,"total":0.013996999999999999,"children":null}}},"DecideAction":{"count":3053,"self":0.8091744,"total":0.83464489999999991,"children":{"RayPerceptionSensor.Perceive":{"count":3053,"self":0.0254705,"total":0.0254705,"children":null}}},"AgentAct":{"count":3053,"self":0.040928599999999996,"total":0.040928599999999996,"children":null}},"gauges":{"CarAgent.CumulativeReward":{"count":20,"max":-2.39463679E-05,"min":-17.0688419,"runningAverage":-1.6162641,"value":-0.00019743864,"weightedAverage":-0.778084338}},"metadata":{"timer_format_version":"0.1.0","start_time_seconds":"1743083476","unity_version":"2022.3.34f1","command_line_arguments":"C:\/Program Files\/Unity\/2022.3.34f1\/Editor\/Unity.exe -projectpath C:\\Users\\s5722127\\My project (4) -useHub -hubIPC -cloudEnvironment production -licensingIpc LicenseClient-s5722127 -hubSessionId 51c09857-f004-4c8c-8931-533d447a38ac -accessToken Mpf7VFcfmq7jRXmRGBA491WsyylyIwDJ3AXgaT7UZ_Q011f","communication_protocol_version":"1.5.0","com.unity.ml-agents_version":"2.0.1","scene_name":"City_v32","end_time_seconds":"1743083558"}}