{"count":1,"self":2677.6887296,"total":2680.4132216,"children":{"InitializeActuators":{"count":1,"self":0.0009969,"total":0.0009969,"children":null},"InitializeSensors":{"count":1,"self":0.00099899999999999989,"total":0.00099899999999999989,"children":null},"AgentSendState":{"count":5427,"self":0.34253849999999997,"total":0.38682239999999996,"children":{"CollectObservations":{"count":5427,"self":0.0161244,"total":0.0161244,"children":null},"WriteActionMask":{"count":5427,"self":0.0070383,"total":0.0070383,"children":null},"RequestDecision":{"count":5427,"self":0.0211212,"total":0.0211212,"children":null}}},"DecideAction":{"count":5427,"self":2.2245744,"total":2.2731307,"children":{"RayPerceptionSensor.Perceive":{"count":5427,"self":0.0485564,"total":0.0485564,"children":null}}},"AgentAct":{"count":5427,"self":0.061480999999999994,"total":0.061480999999999994,"children":null}},"gauges":{"CarAgent.CumulativeReward":{"count":26,"max":-2.39463679E-05,"min":-17.0688419,"runningAverage":-1.04107332,"value":-0.000376334,"weightedAverage":-0.0416949652}},"metadata":{"timer_format_version":"0.1.0","start_time_seconds":"1743023176","unity_version":"2022.3.34f1","command_line_arguments":"C:\/Program Files\/Unity\/2022.3.34f1\/Editor\/Unity.exe -projectpath C:\\Users\\s5722127\\My project (4) -useHub -hubIPC -cloudEnvironment production -licensingIpc LicenseClient-s5722127 -hubSessionId 5f59862f-086b-4b0e-9649-d8027ee2a9e3 -accessToken ubt1Qiwk04gjC-ThXxuyKHrstUaKWdesyT6DcAzGymM011f","communication_protocol_version":"1.5.0","com.unity.ml-agents_version":"2.0.1","scene_name":"City_v027","end_time_seconds":"1743025856"}}