{"count":1,"self":54.462035199999995,"total":54.888245,"children":{"InitializeActuators":{"count":1,"self":0.00099899999999999989,"total":0.00099899999999999989,"children":null},"InitializeSensors":{"count":1,"self":0.0010000999999999999,"total":0.0010000999999999999,"children":null},"AgentSendState":{"count":1567,"self":0.08334069999999999,"total":0.0973613,"children":{"CollectObservations":{"count":1567,"self":0.0059917,"total":0.0059917,"children":null},"WriteActionMask":{"count":1567,"self":0.0009979,"total":0.0009979,"children":null},"RequestDecision":{"count":1567,"self":0.007031,"total":0.007031,"children":null}}},"DecideAction":{"count":1567,"self":0.303572,"total":0.30895249999999996,"children":{"RayPerceptionSensor.Perceive":{"count":1567,"self":0.0053805,"total":0.0053805,"children":null}}},"AgentAct":{"count":1567,"self":0.017897,"total":0.017897,"children":null}},"gauges":{"CarAgent.CumulativeReward":{"count":15,"max":-2.39463679E-05,"min":-17.0688419,"runningAverage":-1.80441844,"value":-0.000367423752,"weightedAverage":-0.981919646}},"metadata":{"timer_format_version":"0.1.0","start_time_seconds":"1743080967","unity_version":"2022.3.34f1","command_line_arguments":"C:\/Program Files\/Unity\/2022.3.34f1\/Editor\/Unity.exe -projectpath C:\\Users\\s5722127\\My project (4) -useHub -hubIPC -cloudEnvironment production -licensingIpc LicenseClient-s5722127 -hubSessionId 51c09857-f004-4c8c-8931-533d447a38ac -accessToken Mpf7VFcfmq7jRXmRGBA491WsyylyIwDJ3AXgaT7UZ_Q011f","communication_protocol_version":"1.5.0","com.unity.ml-agents_version":"2.0.1","scene_name":"City_v029","end_time_seconds":"1743081021"}}