{"count":1,"self":115.401984,"total":116.83943649999999,"children":{"InitializeActuators":{"count":1,"self":0.00099629999999999988,"total":0.00099629999999999988,"children":null},"InitializeSensors":{"count":1,"self":0.0019468999999999999,"total":0.0019468999999999999,"children":null},"AgentSendState":{"count":4783,"self":0.3704768,"total":0.40736839999999996,"children":{"CollectObservations":{"count":4783,"self":0.0119924,"total":0.0119924,"children":null},"WriteActionMask":{"count":4783,"self":0.0049838,"total":0.0049838,"children":null},"RequestDecision":{"count":4783,"self":0.0199154,"total":0.0199154,"children":null}}},"DecideAction":{"count":4783,"self":0.9604688,"total":0.98336419999999991,"children":{"RayPerceptionSensor.Perceive":{"count":4783,"self":0.0228954,"total":0.0228954,"children":null}}},"AgentAct":{"count":4783,"self":0.043780799999999995,"total":0.043780799999999995,"children":null}},"gauges":{"CarAgent.CumulativeReward":{"count":26,"max":-2.39463679E-05,"min":-17.1204319,"runningAverage":-2.207843,"value":-4.018462E-05,"weightedAverage":-0.827647}},"metadata":{"timer_format_version":"0.1.0","start_time_seconds":"1742577674","unity_version":"2022.3.34f1","command_line_arguments":"C:\/Program Files\/Unity\/2022.3.34f1\/Editor\/Unity.exe -projectpath C:\\Users\\s5722127\\My project (4) -useHub -hubIPC -cloudEnvironment production -licensingIpc LicenseClient-s5722127 -hubSessionId e78ec300-28b7-4667-b5b4-d7a982de9cb9 -accessToken Io6JilxP3QBg3HekgPjNiSE6fVuZVCXOd_BF-174_mg011f","communication_protocol_version":"1.5.0","com.unity.ml-agents_version":"2.0.1","scene_name":"City_v018","end_time_seconds":"1742577791"}}