{"count":1,"self":769.47363839999991,"total":774.3069236,"children":{"InitializeActuators":{"count":1,"self":0.0020017999999999998,"total":0.0020017999999999998,"children":null},"InitializeSensors":{"count":1,"self":0.0009115,"total":0.0009115,"children":null},"AgentSendState":{"count":16636,"self":0.9661196,"total":1.0799089,"children":{"CollectObservations":{"count":16636,"self":0.0399497,"total":0.0399497,"children":null},"WriteActionMask":{"count":16636,"self":0.020583499999999998,"total":0.020583499999999998,"children":null},"RequestDecision":{"count":16636,"self":0.0532561,"total":0.0532561,"children":null}}},"DecideAction":{"count":16636,"self":3.4600003999999998,"total":3.5493535,"children":{"RayPerceptionSensor.Perceive":{"count":16636,"self":0.089353099999999991,"total":0.089353099999999991,"children":null}}},"AgentAct":{"count":16636,"self":0.2011055,"total":0.2011055,"children":null}},"gauges":{"CarAgent.CumulativeReward":{"count":220,"max":-2.39463679E-05,"min":-115.476616,"runningAverage":-13.9702063,"value":-2.89198756,"weightedAverage":-8.934312}},"metadata":{"timer_format_version":"0.1.0","start_time_seconds":"1743098534","unity_version":"2022.3.34f1","command_line_arguments":"C:\/Program Files\/Unity\/2022.3.34f1\/Editor\/Unity.exe -projectpath C:\\Users\\s5722127\\My project (4) -useHub -hubIPC -cloudEnvironment production -licensingIpc LicenseClient-s5722127 -hubSessionId 51c09857-f004-4c8c-8931-533d447a38ac -accessToken Mpf7VFcfmq7jRXmRGBA491WsyylyIwDJ3AXgaT7UZ_Q011f","communication_protocol_version":"1.5.0","com.unity.ml-agents_version":"2.0.1","scene_name":"City_v35","end_time_seconds":"1743099308"}}