{"count":1,"self":178.3359104,"total":181.2744329,"children":{"InitializeActuators":{"count":1,"self":0.001,"total":0.001,"children":null},"InitializeSensors":{"count":1,"self":0.00099629999999999988,"total":0.00099629999999999988,"children":null},"AgentSendState":{"count":6201,"self":0.4526338,"total":0.54670239999999992,"children":{"CollectObservations":{"count":6201,"self":0.0413251,"total":0.0413251,"children":null},"WriteActionMask":{"count":6201,"self":0.010319799999999999,"total":0.010319799999999999,"children":null},"RequestDecision":{"count":6201,"self":0.042423699999999995,"total":0.042423699999999995,"children":null}}},"DecideAction":{"count":6201,"self":2.1827888,"total":2.2505601,"children":{"RayPerceptionSensor.Perceive":{"count":6201,"self":0.0677712,"total":0.0677712,"children":null}}},"AgentAct":{"count":6201,"self":0.1392641,"total":0.1392641,"children":null}},"gauges":{"CarAgent.CumulativeReward":{"count":25,"max":-2.39463679E-05,"min":-17.0688419,"runningAverage":-1.75489724,"value":-6.41230536,"weightedAverage":-1.96103835}},"metadata":{"timer_format_version":"0.1.0","start_time_seconds":"1742733503","unity_version":"2022.3.34f1","command_line_arguments":"C:\/Program Files\/Unity\/2022.3.34f1\/Editor\/Unity.exe -projectpath C:\\Users\\s5722127\\My project (4) -useHub -hubIPC -cloudEnvironment production -licensingIpc LicenseClient-s5722127 -hubSessionId d9a72be4-ddb5-4e09-b95a-dc8d5cd69301 -accessToken XHAdzGyS4aIx9WqyVT2eJ8oxze10_5HmMz2P8gzymd8011f","communication_protocol_version":"1.5.0","com.unity.ml-agents_version":"2.0.1","scene_name":"City_v021","end_time_seconds":"1742733684"}}